{"cameraMode":{"drawMode":0,"name":"Shaded","section":"Shading Mode"},"sceneLighting":true,"audioPlay":false,"sceneViewState":{"m_AlwaysRefresh":false,"showFog":true,"showSkybox":true,"showFlares":true,"showImageEffects":true,"showParticleSystems":true,"showVisualEffectGraphs":true,"m_FxEnabled":true},"in2DMode":false,"pivot":{"x":391.4156799316406,"y":140.44796752929688,"z":345.76544189453127},"rotation":{"x":0.08543507754802704,"y":-0.1400095820426941,"z":0.012125653214752674,"w":0.9863854050636292},"size":355.065673828125,"orthographic":true}